{"chunk_definitions":[{"chunk_id":"csetup_chunk","chunk_label":"setup","document_id":"588D1AFB","expansion_state":0,"options":{"engine":"r","include":false,"label":"setup"},"row":13,"row_count":1,"visible":true},{"chunk_id":"cef06zytx2wcw","chunk_label":"unnamed-chunk-1","document_id":"588D1AFB","expansion_state":0,"options":{"engine":"r","label":"unnamed-chunk-1"},"row":67,"row_count":1,"visible":true},{"chunk_id":"cnye4ivcbc7fu","chunk_label":"unnamed-chunk-2","document_id":"588D1AFB","expansion_state":0,"options":{"engine":"r","label":"unnamed-chunk-4"},"row":84,"row_count":1,"visible":true},{"chunk_id":"c3jwyjzcmi24a","chunk_label":"unnamed-chunk-4","document_id":"588D1AFB","expansion_state":0,"options":{"engine":"r","label":"unnamed-chunk-5"},"row":112,"row_count":1,"visible":true},{"chunk_id":"ccje950bi0b61","chunk_label":"unnamed-chunk-5","document_id":"588D1AFB","expansion_state":0,"options":{"engine":"r","label":"unnamed-chunk-7"},"row":121,"row_count":1,"visible":true},{"chunk_id":"cqdo9hc08wae8","chunk_label":"unnamed-chunk-6","document_id":"588D1AFB","expansion_state":0,"options":{"engine":"r","label":"unnamed-chunk-11"},"row":143,"row_count":1,"visible":true},{"chunk_id":"cxkklc4exl1ct","chunk_label":"unnamed-chunk-7","document_id":"588D1AFB","expansion_state":0,"options":{"engine":"r","label":"unnamed-chunk-15"},"row":158,"row_count":1,"visible":true},{"chunk_id":"cu0887zd222g0","chunk_label":"unnamed-chunk-8","document_id":"588D1AFB","expansion_state":0,"options":{"engine":"r","label":"unnamed-chunk-22"},"row":174,"row_count":1,"visible":true},{"chunk_id":"cz1cvhd9ld72r","chunk_label":"unnamed-chunk-9","document_id":"588D1AFB","expansion_state":0,"options":{"engine":"r","label":"unnamed-chunk-23"},"row":190,"row_count":1,"visible":true},{"chunk_id":"c2he0kaskbdwr","chunk_label":"unnamed-chunk-10","document_id":"588D1AFB","expansion_state":0,"options":{"engine":"r","label":"unnamed-chunk-28"},"row":206,"row_count":1,"visible":true},{"chunk_id":"ccy0i4ia2m9b9","chunk_label":"unnamed-chunk-11","document_id":"588D1AFB","expansion_state":0,"options":{"engine":"r","label":"unnamed-chunk-33"},"row":231,"row_count":1,"visible":true},{"chunk_id":"cfso91w4azxth","chunk_label":"unnamed-chunk-12","document_id":"588D1AFB","expansion_state":0,"options":{"engine":"r","label":"unnamed-chunk-44"},"row":259,"row_count":1,"visible":true},{"chunk_id":"cy6u9obfp3v80","chunk_label":"unnamed-chunk-13","document_id":"588D1AFB","expansion_state":0,"options":{"engine":"r","label":"unnamed-chunk-48"},"row":273,"row_count":1,"visible":true}],"doc_write_time":1569940665}