"0","glimpse(mingo)"
"1","Observations: 37,154
"
"1","Variables: 42
"
"1","$ REPORTER_DEA_NO       [3m[38;5;246m<chr>[39m[23m ""PH0035964"", ""PH0035964"", ""PH0035964"", ""PH0035964"", ""PH0035964"", ""RD0277…
"
"1",""
"1","$ REPORTER_BUS_ACT      [3m[38;5;246m<chr>[39m[23m ""DISTRIBUTOR"", ""DISTRIBUTOR"", ""DISTRIBUTOR"", ""DISTRIBUTOR"", ""DISTRIBUTOR…
"
"1",""
"1","$ REPORTER_NAME         [3m[38;5;246m<chr>[39m[23m ""H D SMITH WHOLESALE DRUG CO"", ""H D SMITH WHOLESALE DRUG CO"", ""H D SMITH…
"
"1",""
"1","$ REPORTER_ADDL_CO_INFO [3m[38;5;246m<chr>[39m[23m ""null"", ""null"", ""null"", ""null"", ""null"", ""DBA: RIVER CITY PHARMA"", ""DBA: …
"
"1",""
"1","$ REPORTER_ADDRESS1     [3m[38;5;246m<chr>[39m[23m ""4650 INDUSTRIAL DR"", ""4650 INDUSTRIAL DR"", ""4650 INDUSTRIAL DR"", ""4650 …
"
"1",""
"1","$ REPORTER_ADDRESS2     [3m[38;5;246m<chr>[39m[23m ""null"", ""null"", ""null"", ""null"", ""null"", ""null"", ""null"", ""null"", ""null"", …
"
"1",""
"1","$ REPORTER_CITY         [3m[38;5;246m<chr>[39m[23m ""SPRINGFIELD"", ""SPRINGFIELD"", ""SPRINGFIELD"", ""SPRINGFIELD"", ""SPRINGFIELD…
"
"1",""
"1","$ REPORTER_STATE        [3m[38;5;246m<chr>[39m[23m ""IL"", ""IL"", ""IL"", ""IL"", ""IL"", ""OH"", ""OH"", ""OH"", ""OH"", ""OH"", ""OH"", ""MI"", …
"
"1",""
"1","$ REPORTER_ZIP          [3m[38;5;246m<dbl>[39m[23m 62703, 62703, 62703, 62703, 62703, 45240, 45240, 45240, 45240, 45240, 45…
"
"1",""
"1","$ REPORTER_COUNTY       [3m[38;5;246m<chr>[39m[23m ""SANGAMON"", ""SANGAMON"", ""SANGAMON"", ""SANGAMON"", ""SANGAMON"", ""HAMILTON"", …
"
"1",""
"1","$ BUYER_DEA_NO          [3m[38;5;246m<chr>[39m[23m ""BH6954401"", ""BH6954401"", ""BH6954401"", ""BH6954401"", ""BH6954401"", ""BH6954…
"
"1",""
"1","$ BUYER_BUS_ACT         [3m[38;5;246m<chr>[39m[23m ""RETAIL PHARMACY"", ""RETAIL PHARMACY"", ""RETAIL PHARMACY"", ""RETAIL PHARMAC…
"
"1",""
"1","$ BUYER_NAME            [3m[38;5;246m<chr>[39m[23m ""HURLEY DRUG COMPANY INC"", ""HURLEY DRUG COMPANY INC"", ""HURLEY DRUG COMPA…
"
"1",""
"1","$ BUYER_ADDL_CO_INFO    [3m[38;5;246m<chr>[39m[23m ""null"", ""null"", ""null"", ""null"", ""null"", ""null"", ""null"", ""null"", ""null"", …
"
"1",""
"1","$ BUYER_ADDRESS1        [3m[38;5;246m<chr>[39m[23m ""210 LOGAN STREET"", ""210 LOGAN STREET"", ""210 LOGAN STREET"", ""210 LOGAN S…
"
"1",""
"1","$ BUYER_ADDRESS2        [3m[38;5;246m<chr>[39m[23m ""null"", ""null"", ""null"", ""null"", ""null"", ""null"", ""null"", ""null"", ""54 W 2N…
"
"1",""
"1","$ BUYER_CITY            [3m[38;5;246m<chr>[39m[23m ""WILLIAMSON"", ""WILLIAMSON"", ""WILLIAMSON"", ""WILLIAMSON"", ""WILLIAMSON"", ""W…
"
"1",""
"1","$ BUYER_STATE           [3m[38;5;246m<chr>[39m[23m ""WV"", ""WV"", ""WV"", ""WV"", ""WV"", ""WV"", ""WV"", ""WV"", ""WV"", ""WV"", ""WV"", ""WV"", …
"
"1",""
"1","$ BUYER_ZIP             [3m[38;5;246m<dbl>[39m[23m 25661, 25661, 25661, 25661, 25661, 25661, 25661, 25661, 25661, 25661, 25…
"
"1",""
"1","$ BUYER_COUNTY          [3m[38;5;246m<chr>[39m[23m ""MINGO"", ""MINGO"", ""MINGO"", ""MINGO"", ""MINGO"", ""MINGO"", ""MINGO"", ""MINGO"", …
"
"1",""
"1","$ TRANSACTION_CODE      [3m[38;5;246m<chr>[39m[23m ""S"", ""S"", ""S"", ""S"", ""S"", ""S"", ""S"", ""S"", ""S"", ""S"", ""S"", ""S"", ""S"", ""S"", ""S…
"
"1",""
"1","$ DRUG_CODE             [3m[38;5;246m<dbl>[39m[23m 9193, 9193, 9193, 9193, 9143, 9193, 9193, 9193, 9193, 9193, 9193, 9193, …
"
"1",""
"1","$ NDC_NO                [3m[38;5;246m<chr>[39m[23m ""00591050205"", ""00591050205"", ""52544053901"", ""00591038705"", ""52152021402…
"
"1",""
"1","$ DRUG_NAME             [3m[38;5;246m<chr>[39m[23m ""HYDROCODONE"", ""HYDROCODONE"", ""HYDROCODONE"", ""HYDROCODONE"", ""OXYCODONE"",…
"
"1",""
"1","$ QUANTITY              [3m[38;5;246m<dbl>[39m[23m 3, 4, 2, 1, 5, 2, 2, 1, 2, 2, 2, 1, 1, 6, 2, 1, 1, 3, 3, 1, 2, 1, 2, 7, …
"
"1",""
"1","$ UNIT                  [3m[38;5;246m<chr>[39m[23m ""null"", ""null"", ""null"", ""null"", ""null"", ""null"", ""null"", ""null"", ""null"", …
"
"1",""
"1","$ ACTION_INDICATOR      [3m[38;5;246m<chr>[39m[23m ""null"", ""null"", ""null"", ""null"", ""null"", ""null"", ""null"", ""null"", ""null"", …
"
"1",""
"1","$ ORDER_FORM_NO         [3m[38;5;246m<chr>[39m[23m ""null"", ""null"", ""null"", ""null"", ""064960413"", ""null"", ""null"", ""null"", ""nu…
"
"1",""
"1","$ CORRECTION_NO         [3m[38;5;246m<chr>[39m[23m ""null"", ""null"", ""null"", ""null"", ""null"", ""null"", ""null"", ""null"", ""null"", …
"
"1",""
"1","$ STRENGTH              [3m[38;5;246m<chr>[39m[23m ""null"", ""null"", ""null"", ""null"", ""null"", ""0000"", ""0000"", ""0000"", ""0000"", …
"
"1",""
"1","$ TRANSACTION_DATE      [3m[38;5;246m<chr>[39m[23m ""01042007"", ""01112007"", ""01042007"", ""01172007"", ""01192007"", ""08082008"", …
"
"1",""
"1","$ CALC_BASE_WT_IN_GM    [3m[38;5;246m<dbl>[39m[23m 6.81075, 9.08100, 1.21080, 2.27025, 6.72375, 6.05400, 6.05400, 3.02700, …
"
"1",""
"1","$ DOSAGE_UNIT           [3m[38;5;246m<dbl>[39m[23m 1500, 2000, 200, 500, 500, 1000, 1000, 500, 1000, 1000, 1000, 100, 500, …
"
"1",""
"1","$ TRANSACTION_ID        [3m[38;5;246m<dbl>[39m[23m 13693, 13713, 14058, 1644, 8496, 1011, 3904, 2611, 120, 121, 969, 120803…
"
"1",""
"1","$ Product_Name          [3m[38;5;246m<chr>[39m[23m ""HYDROCODONE BIT./ACET.,7.5MG & 650MG"", ""HYDROCODONE BIT./ACET.,7.5MG & …
"
"1",""
"1","$ Ingredient_Name       [3m[38;5;246m<chr>[39m[23m ""HYDROCODONE BITARTRATE HEMIPENTAHYDRATE"", ""HYDROCODONE BITARTRATE HEMIP…
"
"1",""
"1","$ Measure               [3m[38;5;246m<chr>[39m[23m ""TAB"", ""TAB"", ""TAB"", ""TAB"", ""TAB"", ""TAB"", ""TAB"", ""TAB"", ""TAB"", ""TAB"", ""T…
"
"1",""
"1","$ MME_Conversion_Factor [3m[38;5;246m<dbl>[39m[23m 1.0, 1.0, 1.0, 1.0, 1.5, 1.0, 1.0, 1.0, 1.0, 1.0, 1.0, 1.0, 1.0, 1.0, 1.…
"
"1",""
"1","$ Combined_Labeler_Name [3m[38;5;246m<chr>[39m[23m ""Actavis Pharma, Inc."", ""Actavis Pharma, Inc."", ""Actavis Pharma, Inc."", …
"
"1",""
"1","$ Revised_Company_Name  [3m[38;5;246m<chr>[39m[23m ""Allergan, Inc."", ""Allergan, Inc."", ""Allergan, Inc."", ""Allergan, Inc."", …
"
"1",""
"1","$ Reporter_family       [3m[38;5;246m<chr>[39m[23m ""H. D. Smith"", ""H. D. Smith"", ""H. D. Smith"", ""H. D. Smith"", ""H. D. Smith…
"
"1",""
"1","$ dos_str               [3m[38;5;246m<dbl>[39m[23m 7.5, 7.5, 10.0, 7.5, 15.0, 10.0, 10.0, 10.0, 7.5, 7.5, 10.0, 5.0, 10.0, …
"
"0","view(mingo)"
