{"chunk_definitions":[{"chunk_id":"csetup_chunk","chunk_label":"setup","document_id":"1D32E63F","expansion_state":0,"options":{"engine":"r","include":false,"label":"setup"},"row":13,"row_count":1,"visible":true},{"chunk_id":"cytwoit4q42dc","chunk_label":"unnamed-chunk-1","document_id":"1D32E63F","expansion_state":0,"options":{"engine":"r","label":"unnamed-chunk-1"},"row":79,"row_count":1,"visible":true},{"chunk_id":"c9o8n3sa9422n","chunk_label":"unnamed-chunk-2","document_id":"1D32E63F","expansion_state":0,"options":{"engine":"r","label":"unnamed-chunk-2"},"row":95,"row_count":1,"visible":true},{"chunk_id":"cxctkuostea09","chunk_label":"unnamed-chunk-3","document_id":"1D32E63F","expansion_state":0,"options":{"engine":"r","label":"unnamed-chunk-4"},"row":104,"row_count":1,"visible":true},{"chunk_id":"cnqxg8w0x2qaj","chunk_label":"unnamed-chunk-4","document_id":"1D32E63F","expansion_state":0,"options":{"engine":"r","label":"unnamed-chunk-5"},"row":117,"row_count":1,"visible":true},{"chunk_id":"c7y3pfpetoewf","chunk_label":"unnamed-chunk-5","document_id":"1D32E63F","expansion_state":0,"options":{"engine":"r","label":"unnamed-chunk-6"},"row":132,"row_count":1,"visible":true},{"chunk_id":"ccc2vo3ilqmbo","chunk_label":"unnamed-chunk-6","document_id":"1D32E63F","expansion_state":0,"options":{"engine":"r","label":"unnamed-chunk-7"},"row":138,"row_count":1,"visible":true},{"chunk_id":"cw5dewe7cxag1","chunk_label":"unnamed-chunk-7","document_id":"1D32E63F","expansion_state":0,"options":{"engine":"r","label":"unnamed-chunk-8"},"row":147,"row_count":1,"visible":true},{"chunk_id":"ci25uq93p1lke","chunk_label":"unnamed-chunk-8","document_id":"1D32E63F","expansion_state":0,"options":{"engine":"r","label":"unnamed-chunk-9"},"row":156,"row_count":1,"visible":true},{"chunk_id":"cmz765znd1dqv","chunk_label":"unnamed-chunk-9","document_id":"1D32E63F","expansion_state":0,"options":{"engine":"r","label":"unnamed-chunk-10"},"row":167,"row_count":1,"visible":true},{"chunk_id":"czl0njjyhm8su","chunk_label":"unnamed-chunk-10","document_id":"1D32E63F","expansion_state":0,"options":{"engine":"r","label":"unnamed-chunk-11"},"row":175,"row_count":1,"visible":true},{"chunk_id":"ce3uq51iokaki","chunk_label":"unnamed-chunk-11","document_id":"1D32E63F","expansion_state":0,"options":{"engine":"r","label":"unnamed-chunk-13"},"row":185,"row_count":1,"visible":true},{"chunk_id":"cj1u9s43awkn4","chunk_label":"unnamed-chunk-12","document_id":"1D32E63F","expansion_state":0,"options":{"engine":"r","label":"unnamed-chunk-14"},"row":204,"row_count":1,"visible":true},{"chunk_id":"cfibp0lzp78z2","chunk_label":"unnamed-chunk-13","document_id":"1D32E63F","expansion_state":0,"options":{"engine":"r","label":"unnamed-chunk-15"},"row":222,"row_count":1,"visible":true},{"chunk_id":"cmchhw2c2vpmt","chunk_label":"unnamed-chunk-14","document_id":"1D32E63F","expansion_state":0,"options":{"engine":"r","label":"unnamed-chunk-16"},"row":257,"row_count":1,"visible":true},{"chunk_id":"cpf0pzpu6xxas","chunk_label":"unnamed-chunk-15","document_id":"1D32E63F","expansion_state":0,"options":{"engine":"r","label":"unnamed-chunk-17"},"row":269,"row_count":1,"visible":true},{"chunk_id":"cr396z0z4c1uw","chunk_label":"unnamed-chunk-16","document_id":"1D32E63F","expansion_state":0,"options":{"engine":"r","label":"unnamed-chunk-18"},"row":284,"row_count":1,"visible":true},{"chunk_id":"cg40mqwcjynj5","chunk_label":"unnamed-chunk-17","document_id":"1D32E63F","expansion_state":0,"options":{"engine":"r","label":"unnamed-chunk-19"},"row":323,"row_count":1,"visible":true},{"chunk_id":"cgsa4eh8wxm5h","chunk_label":"unnamed-chunk-18","document_id":"1D32E63F","expansion_state":0,"options":{"engine":"r","label":"unnamed-chunk-20"},"row":336,"row_count":1,"visible":true},{"chunk_id":"cg6x6r1jskmjw","chunk_label":"unnamed-chunk-19","document_id":"1D32E63F","expansion_state":0,"options":{"engine":"r","label":"unnamed-chunk-21"},"row":349,"row_count":1,"visible":true},{"chunk_id":"c1kli31700uhy","chunk_label":"unnamed-chunk-20","document_id":"1D32E63F","expansion_state":0,"options":{"engine":"r","label":"unnamed-chunk-22"},"row":369,"row_count":1,"visible":true},{"chunk_id":"cq9ra2t1c2snz","chunk_label":"unnamed-chunk-21","document_id":"1D32E63F","expansion_state":0,"options":{"engine":"r","label":"unnamed-chunk-23"},"row":379,"row_count":1,"visible":true},{"chunk_id":"c4lkok4r93pmc","chunk_label":"unnamed-chunk-22","document_id":"1D32E63F","expansion_state":0,"options":{"engine":"r","label":"unnamed-chunk-24"},"row":388,"row_count":1,"visible":true},{"chunk_id":"cf61u19nnbozo","chunk_label":"unnamed-chunk-23","document_id":"1D32E63F","expansion_state":0,"options":{"engine":"r","label":"unnamed-chunk-25"},"row":413,"row_count":1,"visible":true},{"chunk_id":"cdnna83nk0uo4","chunk_label":"unnamed-chunk-24","document_id":"1D32E63F","expansion_state":0,"options":{"engine":"r","label":"unnamed-chunk-26"},"row":423,"row_count":1,"visible":true}],"default_chunk_options":{"echo":true,"message":false,"paged.print":true,"warning":false},"doc_write_time":1570473019,"working_dir":null}