{"chunk_definitions":[{"chunk_id":"csetup_chunk","chunk_label":"setup","document_id":"738C0A26","expansion_state":0,"options":{"engine":"r","include":false,"label":"setup"},"row":13,"row_count":1,"visible":true},{"chunk_id":"c49hf5qrdblra","chunk_label":"unnamed-chunk-1","document_id":"738C0A26","expansion_state":0,"options":{"engine":"r","label":"unnamed-chunk-2"},"row":68,"row_count":1,"visible":true},{"chunk_id":"ch1zon2xtvqeg","chunk_label":"unnamed-chunk-2","document_id":"738C0A26","expansion_state":0,"options":{"engine":"r","label":"unnamed-chunk-47"},"row":103,"row_count":1,"visible":true},{"chunk_id":"cu1ivlqj7pk89","chunk_label":"unnamed-chunk-4","document_id":"738C0A26","expansion_state":0,"options":{"engine":"r","label":"unnamed-chunk-9"},"row":135,"row_count":1,"visible":true},{"chunk_id":"cxghah4bpjq18","chunk_label":"unnamed-chunk-5","document_id":"738C0A26","expansion_state":0,"options":{"engine":"r","label":"unnamed-chunk-38"},"row":149,"row_count":1,"visible":true},{"chunk_id":"cx9iio756q7cb","chunk_label":"unnamed-chunk-6","document_id":"738C0A26","expansion_state":0,"options":{"engine":"r","label":"unnamed-chunk-53"},"row":164,"row_count":1,"visible":true}],"default_chunk_options":{"echo":true,"message":false,"paged.print":true,"warning":false},"doc_write_time":1570542939,"working_dir":null}